Question.ID,total_explanations,num_explanations_used,final_consolidation,flesch_reading_ease,cosine_similarity
0,16,16,"The bug pertains to a conditional error in the handling of `hoursOffset` and `minutesOffset`. The `hoursOffset` accepts negative values between -23 and 23, as specified, and the conditional clause for this range is functioning correctly. An example with the argument `-2` confirms that it falls within the acceptable range; therefore, the check on line 276 passes without triggering an error, allowing the program to proceed to the next conditional check.

The actual exception being encountered, which states ""Minutes out of range,"" arises from a failure in the conditional check related to `minutesOffset` on line 279. The issue is isolated to this section of the code, indicating that while the `hoursOffset` variable is correctly defined and utilized, it is unrelated to the exception being thrown. The offending limits for the `minutesOffset` should be within -59 to 59, which requires further investigation as the error message indicates that the minute variable is the source of the problem. Thus, the focus should be on correcting the logic or bounds for the `minutesOffset` rather than the `hoursOffset`.",37.94,0.8676955103874207
10,9,9,"The bug arises from improper handling of color values in the code. The variable ""g"" must be in the range of 0 to 255; however, it is currently being assigned a value of -0.5, which is not valid. The method has no checks to ensure that values are positive, leading to the potential for negative numbers that violate the expected constraints. 

Specifically, the variable ""value"" is mistakenly used on line 117 when it should be ""v."" This inconsistency can cause ""value"" to exceed the limits set by ""this.lowerBound"" and ""this.upperBound,"" resulting in an inappropriate value for the Color object. The Color constructor requires float parameters to be between 0.0 and 1.0, which adds further restrictions that are not currently respected. 

To fix the bug, ensure that all color values are validated against the appropriate ranges and replace instances of ""value"" with ""v"" to ensure the correct variable is being used. Additionally, implement checks to sanitize inputs, ensuring no negative values are passed into the Color constructor.",58.48,0.8004232048988342
16,14,14,"The bug appears to be related to an index out of bounds error, specifically a `StringIndexOutOfBoundsException`. The variable `input`, defined as a `CharSequence`, is being used correctly to define the length for iterations. Its usage does not seem to be the source of the problem since it is not manipulated in a way that leads to an exception. 

However, there are potential issues with the implementation surrounding the usage of `input`. If `input` is null or empty, the error may arise during iterations, particularly when attempting to access an index that does not exist. It is essential to check that `input` is neither null nor empty before proceeding with any operations that involve indexing.

Furthermore, it seems that the assertion within the code is not aligned with the underlying logic. Testing with a sample input like ""bob"" indicates that the assertion works correctly, as this value is written to a file without issue. Thus, any problems are likely occurring in the loop where indices are accessed, rather than in the definition or basic utilization of `input`. 

In summary, ensure proper null and empty checks for the `input` variable and investigate the logic in the loop for index access to resolve the `StringIndexOutOfBoundsException`.",42.51,0.8180700540542603
33,13,13,"The ""period"" variable is defined correctly as a TimePeriod and is used appropriately throughout the source code. It serves as a parameter to methods such as `updateBounds()` and is correctly passed by `recalculateBounds()` and `add()`. All calls to ""period"" (e.g., `getStart()` and `getEnd()`) are functioning as intended, and there does not appear to be any issues associated with its definition or use.

However, the root cause of the failure seems to be unrelated to the ""period"" variable. Instead, the issue may stem from the incorrect usage of `minMiddleIndex` rather than `maxMiddleIndex` in lines 299 and 301, which could be leading to the observed failure. Additionally, while the naming conventions may cause some confusion (such as having both ""TimePeriod"" and ""TimePeriodValue""), this does not appear to contribute to the problem at hand. 

Overall, the ""period"" variable is functioning correctly, and the focus should shift towards the logic concerning the `minMiddleIndex` and `maxMiddleIndex` calculations.",43.73,0.7816551327705383
70,14,14,"The bug arises from a type casting issue in the method `copyArrayGrow1`, which has a return type of `Object`. The function is used to copy an array and add a new element, but if the input array is null, the method returns a new array that is of type `Object[]`. 

The failure occurs at line 3290, where an attempt is made to cast the returned `Object` to a `String`. This results in a `ClassCastException` as an `Object` cannot be directly cast to a `String`. Additionally, if the element being added to the array is null, it can lead to complications during the type-checking process since the generic argument allows for the creation of an `Object[]` array. 

The main issue is not with the array declaration or the parameter types in the function; they are correctly defined to accept a generic array of type `T`. The actual problem lies in the inappropriate handling of the return type of `copyArrayGrow1` and the subsequent casting to `String` when the method's output does not guarantee that the type is compatible with `String`. 

To fix this bug, ensure that the return value from `copyArrayGrow1` is checked for type compatibility before casting. Additionally, handling null cases more gracefully will prevent unnecessary exceptions.",48.23,0.8580572605133057
79,11,11,"The bug arises from the `parsePrint` function incorrectly calling `addNumber` for a string literal, which it shouldn't do. The variable `x` in `addNumber` is correctly declared as a double and is not the source of the error. It appears that there is no misuse of the variable declaration; by standard convention, the method parameter is declared properly.

Furthermore, the miscommunication seems to stem from the test not directly calling the `addNumber` method or potentially invoking it through unspecified code, making it difficult to trace the issue accurately. The assertion in the test does not use `addNumber` at all, indicating that the source of the error lies elsewhere. 

To resolve the bug, ensure that `parsePrint` does not call `addNumber` with string literals and verify the test cases to confirm they accurately reference the intended methods. Additionally, using `valueOf` to convert doubles to strings should function correctly and not contribute to the error being raised.",49.25,0.7162624597549438
97,6,6,"The issue arises from the handling of a specific array in the code. On line 910, there is a dereference of the array without checking if the element is null. In this case, the second element of the test input array is null, leading to an exception being thrown. This happens because the template isn't designed to handle null pointers. To fix the bug, ensure that a null check is performed on the array elements before dereferencing them. Additionally, make sure the array is properly initialized and avoid declaring it as null.",64.41,0.6630121469497681
105,18,18,"The issue at hand is not related to the variable `str`, which is defined correctly as a parameter of type `String`. The variable `str`, specifically referred to as `fr__POSIX`, conforms to length requirements and is not null, thus it should function without issues. Java does not treat `str` as a reserved word, so using it as a variable name is acceptable.

The error we are encountering, resulting in an `IllegalArgumentException`, stems from the input 'fr_POSIX' violating specific requirements defined in our code's schema. The failure message indicates that the issue is with the input to the function rather than the definition or declaration of the variable `str` itself. The logic evaluation that leads to the exception is handled by an if statement at line 115, where a condition returns true, triggering the exception.

In summary, while the `str` variable and its definition are correct and valid, the input provided is the root cause of the exception, necessitating a review of the input string against the coding schema.",47.22,0.7471333742141724
