num_explanations,input_explanations,llm_summary,flesch_reading_ease,automated_readability_index,bleu_score,cosine_similarity
1,"['the variable should be defined as ""unsigned int"" if we expect it to be always positive']","The bug report states that a variable should be defined as ""unsigned"" to fix the issue.",72.16,7.8,1.2543792909536818e-155,0.33220574
1,"[""yep; they are checking if minutesOffset < 0 to throw an exception; and as -15 <0; it gets thrown. looks like they updated the comments but not the code. and this is why comments are evil liars that can't be trusted!""]",A bug occurs when checking if `minutesOffset < 0` in the `Answer.explanation` code. The condition needs reviewing to ensure proper handling of negative values.,34.42,12.2,2.402489574275761e-155,0.7605053
1,"[""yep; they are checking if minutesOffset < 0 to throw an exception; and as -15 <0; it gets thrown. looks like they updated the comments but not the code. and this is why comments are evil liars that can't be trusted!""]","The bug involves a check for `minutesOffset < 0` in the code, which is likely leading to incorrect behavior. The issue needs to be investigated to ensure that this condition is handled properly.",46.78,10.4,0.09662459650486287,0.7097312
2,"['Minutes are set to -15; which is less then 0 and it throws illegal arg exception'
 'This variable contains a value of -15 as set by DateTimeZone.forOffsetHoursMinutes(-2; -15). Line 279 checks to see if is a valid value; meaning that is between 0 and 59. Since it is not; an exception error is thrown in line 280.']","The bug report indicates that a variable is incorrectly set to -15 minutes, which is less than the minimum allowed value of 0.",48.13,11.4,0.04306301251673085,0.59188515
2,"['There is a logical check for if minuteOffset is less than 0 or greater than 59 causing it to throw an exception because the value is out of bounds (negative number)'
 'As noted in the comments; valid input for minutes must be in the rage -59 to +59 but on line 279 of the source minutesOffset is checked for < 0. Instead it should be minutesOFfset < -59 . Also noted in comments is that versions before 2.3 minutes had to be zero or positive. ""Minutes out of range: + minutesOffset"" is our error.']","The bug report indicates that there is a logical check for `minuteOffset` that is flawed. It mentions that valid input for `minuteOffset` is not properly validated, which could lead to incorrect behavior in the system. To fix the bug, ensure that the logical conditions for checking `minuteOffset` account for all valid inputs.",37.0,12.2,0.09513029883089884,0.6872253
2,"['The value of minutes offset does not have valid argument as a result this method will not be called as and argument exception will be displayed.'
 'In the code there is a check that 0 <= minutes < 60 and the minutesOffset is -15 which does not fall into these prarmeters thus throwing an Exception']","The bug report indicates that the minutes offset value is not validated properly. Specifically, the code incorrectly checks that the value is between 0 and some upper limit, which may lead to invalid inputs being accepted.",36.28,12.0,0.1001089343825353,0.64242464
3,"['YES. The issue is on line 279 (as I explained in my first question; of which I misunderstood that I was only being asked about the specific issue; not generalized issue). On line 279 the variable ""minutesOffSet"" is parameterized to throw an exception if it is < 0 or > 59. Line 279 should read ""if (minutesOffset < -59 || minutesOffset > 59) {"" because now the method can take in the number of minutes as a negative and will allow the method to properly progress to invoke/call further methods such as those asked about in the two previous questions.'
 'The value of minutes offset does not have valid argument as a result this method will not be called as and argument exception will be displayed.'
 'In the code there is a check that 0 <= minutes < 60 and the minutesOffset is -15 which does not fall into these prarmeters thus throwing an Exception']","The bug is located on line 279, where a check is implemented to ensure that the value of the minutes offset is within the range of 0 to a valid maximum. However, the current implementation does not account for invalid values, leading to potential errors. Ensure to validate the value of minutes offset correctly.",44.75,10.2,0.07476962054560589,0.716765
3,"['The value of minutes offset does not have valid argument as a result this method will not be called as and argument exception will be displayed.'
 'Yes; the variable gets set to -15 through the arguments above. The code specifically encounters the error on line 279 when it tests if minutesOffset < 0; (-15) which is the case; so it throws the error on line 280 : Minutes out of range: with the value provided for that argument -15.'
 'There is a logical check for if minuteOffset is less than 0 or greater than 59 causing it to throw an exception because the value is out of bounds (negative number)']","The minutes offset variable is incorrectly set to -15, leading to a failure in the logical check for its value. This issue needs to be addressed to ensure proper validation of the minutes offset.",54.22,9.5,0.13848563815838377,0.6664167
3,"['the variable should be defined as ""unsigned int"" if we expect it to be always positive'
 'The value of minutes offset does not have valid argument as a result this method will not be called as and argument exception will be displayed.'
 'There is a logical check for if minuteOffset is less than 0 or greater than 59 causing it to throw an exception because the value is out of bounds (negative number)']","The bug report indicates that the variable should be defined as ""unsigned"" for correct functionality. Additionally, there is an issue with the validation of the minutes offset value and a logical check that appears to incorrectly handle the condition for `minuteOffset`.",25.29,15.2,7.1713995310642935e-155,0.68340933
4,"['There is a logical check for if minuteOffset is less than 0 or greater than 59 causing it to throw an exception because the value is out of bounds (negative number)'
 'Yes; the variable gets set to -15 through the arguments above. The code specifically encounters the error on line 279 when it tests if minutesOffset < 0; (-15) which is the case; so it throws the error on line 280 : Minutes out of range: with the value provided for that argument -15.'
 'the variable should be defined as ""unsigned int"" if we expect it to be always positive'
 'This variable contains a value of -15 as set by DateTimeZone.forOffsetHoursMinutes(-2; -15). Line 279 checks to see if is a valid value; meaning that is between 0 and 59. Since it is not; an exception error is thrown in line 280.']","The bug involves a logical check related to a variable that is incorrectly set to -15. This variable should be defined as ""unsigned"" to prevent negative values, ensuring proper functionality.",30.87,11.5,0.08816431197524209,0.4400238
4,"['This variable contains a value of -15 as set by DateTimeZone.forOffsetHoursMinutes(-2; -15). Line 279 checks to see if is a valid value; meaning that is between 0 and 59. Since it is not; an exception error is thrown in line 280.'
 'The error is stemming from line 279 because the value of -15 for minutesOffset is < 0. The line should be     if (minutesOffset < -59 || minutesOffset > 59) {'
 'There is a logical check for if minuteOffset is less than 0 or greater than 59 causing it to throw an exception because the value is out of bounds (negative number)'
 'The variable ""minutesOffset"" is checked incorrectly by the IF statement on line 279. Any negative value for ""minutesOffset"" will throw this exception; while the documentation states that ""minutesOffset"" can be negative in some cases.']","The bug originates from line 279, where the variable ""minutesOffset"" incorrectly holds a value of -15 due to a faulty logical check for its conditions. Ensure that the checks for minuteOffset are correct to avoid setting it to negative values.",42.72,12.6,0.12625649999324523,0.75241625
4,"['The variable ""minutesOffset"" is checked incorrectly by the IF statement on line 279. Any negative value for ""minutesOffset"" will throw this exception; while the documentation states that ""minutesOffset"" can be negative in some cases.'
 ""yep; they are checking if minutesOffset < 0 to throw an exception; and as -15 <0; it gets thrown. looks like they updated the comments but not the code. and this is why comments are evil liars that can't be trusted!""
 'This variable contains a value of -15 as set by DateTimeZone.forOffsetHoursMinutes(-2; -15). Line 279 checks to see if is a valid value; meaning that is between 0 and 59. Since it is not; an exception error is thrown in line 280.'
 'There is a logical check for if minuteOffset is less than 0 or greater than 59 causing it to throw an exception because the value is out of bounds (negative number)']","The variable ""minutesOffset"" incorrectly handles negative values. Specifically, it is set to -15, and the logic checks if it is less than 0, which leads to erroneous behavior. A review and correction of the condition checking ""minutesOffset"" is required to properly handle this case.",39.63,11.6,0.10052947375663508,0.74658066
5,"['The value of minutes offset does not have valid argument as a result this method will not be called as and argument exception will be displayed.'
 'The variable ""minutesOffset"" is checked incorrectly by the IF statement on line 279. Any negative value for ""minutesOffset"" will throw this exception; while the documentation states that ""minutesOffset"" can be negative in some cases.'
 'Minutes are set to -15; which is less then 0 and it throws illegal arg exception'
 'Yes; the variable gets set to -15 through the arguments above. The code specifically encounters the error on line 279 when it tests if minutesOffset < 0; (-15) which is the case; so it throws the error on line 280 : Minutes out of range: with the value provided for that argument -15.'
 'There is a logical check for if minuteOffset is less than 0 or greater than 59 causing it to throw an exception because the value is out of bounds (negative number)']","The bug involves the variable ""minutesOffset,"" which is incorrectly validated, allowing it to be set to -15, a value less than the valid range. The logical check for ""minutesOffset"" does not correctly handle negative values, leading to this issue.",34.76,13.6,0.15042234410535962,0.68288606
5,"[""yep; they are checking if minutesOffset < 0 to throw an exception; and as -15 <0; it gets thrown. looks like they updated the comments but not the code. and this is why comments are evil liars that can't be trusted!""
 'In the code there is a check that 0 <= minutes < 60 and the minutesOffset is -15 which does not fall into these prarmeters thus throwing an Exception'
 'The error is stemming from line 279 because the value of -15 for minutesOffset is < 0. The line should be     if (minutesOffset < -59 || minutesOffset > 59) {'
 'Minutes are set to -15; which is less then 0 and it throws illegal arg exception'
 'The value of minutes offset does not have valid argument as a result this method will not be called as and argument exception will be displayed.']","The bug occurs due to a check that verifies if `minutesOffset < 0`. The current implementation incorrectly allows a negative value (e.g., -15), which fails on line 279, indicating that the code does not validate the `minutesOffset` properly. The minutes offset should be validated to ensure it is not less than 0.",50.02,9.2,0.07520710469952337,0.76480913
5,"['There is a logical check for if minuteOffset is less than 0 or greater than 59 causing it to throw an exception because the value is out of bounds (negative number)'
 'YES. The issue is on line 279 (as I explained in my first question; of which I misunderstood that I was only being asked about the specific issue; not generalized issue). On line 279 the variable ""minutesOffSet"" is parameterized to throw an exception if it is < 0 or > 59. Line 279 should read ""if (minutesOffset < -59 || minutesOffset > 59) {"" because now the method can take in the number of minutes as a negative and will allow the method to properly progress to invoke/call further methods such as those asked about in the two previous questions.'
 'The value of minutes offset does not have valid argument as a result this method will not be called as and argument exception will be displayed.'
 'Minutes are set to -15; which is less then 0 and it throws illegal arg exception'
 'Yes; the variable gets set to -15 through the arguments above. The code specifically encounters the error on line 279 when it tests if minutesOffset < 0; (-15) which is the case; so it throws the error on line 280 : Minutes out of range: with the value provided for that argument -15.']","The bug occurs in line 279 due to a logical check related to the `minuteOffset`, which is set to -15. This value is invalid as it is less than 0, leading to the issue.",71.14,5.6,0.17705676610208387,0.7243881
6,"['In the code there is a check that 0 <= minutes < 60 and the minutesOffset is -15 which does not fall into these prarmeters thus throwing an Exception'
 'As noted in the comments; valid input for minutes must be in the rage -59 to +59 but on line 279 of the source minutesOffset is checked for < 0. Instead it should be minutesOFfset < -59 . Also noted in comments is that versions before 2.3 minutes had to be zero or positive. ""Minutes out of range: + minutesOffset"" is our error.'
 'This variable contains a value of -15 as set by DateTimeZone.forOffsetHoursMinutes(-2; -15). Line 279 checks to see if is a valid value; meaning that is between 0 and 59. Since it is not; an exception error is thrown in line 280.'
 'Minutes are set to -15; which is less then 0 and it throws illegal arg exception'
 ""yep; they are checking if minutesOffset < 0 to throw an exception; and as -15 <0; it gets thrown. looks like they updated the comments but not the code. and this is why comments are evil liars that can't be trusted!""
 'the variable should be defined as ""unsigned int"" if we expect it to be always positive']","The bug occurs because the variable `minutes` is being set to -15, which is less than 0, violating the check that requires 0 <= minutes. To fix this, the variable should be defined as ""unsigned"" to prevent negative values, specifically ensuring the check for `minutesOffset < 0` is resolved.",39.16,14.7,0.14285714285714285,0.72773343
6,"['As noted in the comments; valid input for minutes must be in the rage -59 to +59 but on line 279 of the source minutesOffset is checked for < 0. Instead it should be minutesOFfset < -59 . Also noted in comments is that versions before 2.3 minutes had to be zero or positive. ""Minutes out of range: + minutesOffset"" is our error.'
 'This variable contains a value of -15 as set by DateTimeZone.forOffsetHoursMinutes(-2; -15). Line 279 checks to see if is a valid value; meaning that is between 0 and 59. Since it is not; an exception error is thrown in line 280.'
 'Yes; the variable gets set to -15 through the arguments above. The code specifically encounters the error on line 279 when it tests if minutesOffset < 0; (-15) which is the case; so it throws the error on line 280 : Minutes out of range: with the value provided for that argument -15.'
 'the variable should be defined as ""unsigned int"" if we expect it to be always positive'
 ""yep; they are checking if minutesOffset < 0 to throw an exception; and as -15 <0; it gets thrown. looks like they updated the comments but not the code. and this is why comments are evil liars that can't be trusted!""
 'Minutes are set to -15; which is less then 0 and it throws illegal arg exception']","The bug involves a variable that is incorrectly set to a negative value of -15. It is noted that this variable should be defined as ""unsigned"" to prevent negative assignments. Furthermore, there is a check that incorrectly allows for minutesOffset to be less than 0, which should be addressed.",54.93,10.3,0.19010380265084897,0.6933393
6,"['In the code there is a check that 0 <= minutes < 60 and the minutesOffset is -15 which does not fall into these prarmeters thus throwing an Exception'
 'Minutes are set to -15; which is less then 0 and it throws illegal arg exception'
 'Yes; the variable gets set to -15 through the arguments above. The code specifically encounters the error on line 279 when it tests if minutesOffset < 0; (-15) which is the case; so it throws the error on line 280 : Minutes out of range: with the value provided for that argument -15.'
 'There is a logical check for if minuteOffset is less than 0 or greater than 59 causing it to throw an exception because the value is out of bounds (negative number)'
 ""yep; they are checking if minutesOffset < 0 to throw an exception; and as -15 <0; it gets thrown. looks like they updated the comments but not the code. and this is why comments are evil liars that can't be trusted!""
 'YES. The issue is on line 279 (as I explained in my first question; of which I misunderstood that I was only being asked about the specific issue; not generalized issue). On line 279 the variable ""minutesOffSet"" is parameterized to throw an exception if it is < 0 or > 59. Line 279 should read ""if (minutesOffset < -59 || minutesOffset > 59) {"" because now the method can take in the number of minutes as a negative and will allow the method to properly progress to invoke/call further methods such as those asked about in the two previous questions.']","The bug occurs when the variable 'minutesOffset' is set to -15, which is less than 0. There is a check in the code on line 279 that verifies if 'minutesOffset' is less than 0, causing a logical issue.",69.11,8.3,0.1546557748263918,0.77223384
7,"['The variable ""minutesOffset"" is checked incorrectly by the IF statement on line 279. Any negative value for ""minutesOffset"" will throw this exception; while the documentation states that ""minutesOffset"" can be negative in some cases.'
 'In the code there is a check that 0 <= minutes < 60 and the minutesOffset is -15 which does not fall into these prarmeters thus throwing an Exception'
 'the variable should be defined as ""unsigned int"" if we expect it to be always positive'
 'The value of minutes offset does not have valid argument as a result this method will not be called as and argument exception will be displayed.'
 'As noted in the comments; valid input for minutes must be in the rage -59 to +59 but on line 279 of the source minutesOffset is checked for < 0. Instead it should be minutesOFfset < -59 . Also noted in comments is that versions before 2.3 minutes had to be zero or positive. ""Minutes out of range: + minutesOffset"" is our error.'
 'Yes; the variable gets set to -15 through the arguments above. The code specifically encounters the error on line 279 when it tests if minutesOffset < 0; (-15) which is the case; so it throws the error on line 280 : Minutes out of range: with the value provided for that argument -15.'
 'Minutes are set to -15; which is less then 0 and it throws illegal arg exception']","The variable ""minutesOffset"" is incorrectly handled; it can be set to -15, which violates the check for valid input as it must be between 0 and some maximum limit. This variable should be defined as ""unsigned"" to prevent negative values.",42.72,11.9,0.1750862633024094,0.751335
7,"['The value of minutes offset does not have valid argument as a result this method will not be called as and argument exception will be displayed.'
 'YES. The issue is on line 279 (as I explained in my first question; of which I misunderstood that I was only being asked about the specific issue; not generalized issue). On line 279 the variable ""minutesOffSet"" is parameterized to throw an exception if it is < 0 or > 59. Line 279 should read ""if (minutesOffset < -59 || minutesOffset > 59) {"" because now the method can take in the number of minutes as a negative and will allow the method to properly progress to invoke/call further methods such as those asked about in the two previous questions.'
 'The error is stemming from line 279 because the value of -15 for minutesOffset is < 0. The line should be     if (minutesOffset < -59 || minutesOffset > 59) {'
 ""yep; they are checking if minutesOffset < 0 to throw an exception; and as -15 <0; it gets thrown. looks like they updated the comments but not the code. and this is why comments are evil liars that can't be trusted!""
 'Yes; the variable gets set to -15 through the arguments above. The code specifically encounters the error on line 279 when it tests if minutesOffset < 0; (-15) which is the case; so it throws the error on line 280 : Minutes out of range: with the value provided for that argument -15.'
 'In the code there is a check that 0 <= minutes < 60 and the minutesOffset is -15 which does not fall into these prarmeters thus throwing an Exception'
 'As noted in the comments; valid input for minutes must be in the rage -59 to +59 but on line 279 of the source minutesOffset is checked for < 0. Instead it should be minutesOFfset < -59 . Also noted in comments is that versions before 2.3 minutes had to be zero or positive. ""Minutes out of range: + minutesOffset"" is our error.']","The bug occurs on line 279, where the code incorrectly checks if `minutesOffset < 0` while handling a variable that is being set to -15. Valid input for `minutesOffset` should range from 0 and above. The check should be adjusted to properly validate the value of `minutesOffset` and avoid negative values.",54.52,10.9,0.12524485821702994,0.7895945
7,"['The error is stemming from line 279 because the value of -15 for minutesOffset is < 0. The line should be     if (minutesOffset < -59 || minutesOffset > 59) {'
 'As noted in the comments; valid input for minutes must be in the rage -59 to +59 but on line 279 of the source minutesOffset is checked for < 0. Instead it should be minutesOFfset < -59 . Also noted in comments is that versions before 2.3 minutes had to be zero or positive. ""Minutes out of range: + minutesOffset"" is our error.'
 'Minutes are set to -15; which is less then 0 and it throws illegal arg exception'
 'This variable contains a value of -15 as set by DateTimeZone.forOffsetHoursMinutes(-2; -15). Line 279 checks to see if is a valid value; meaning that is between 0 and 59. Since it is not; an exception error is thrown in line 280.'
 'the variable should be defined as ""unsigned int"" if we expect it to be always positive'
 'There is a logical check for if minuteOffset is less than 0 or greater than 59 causing it to throw an exception because the value is out of bounds (negative number)'
 'Yes; the variable gets set to -15 through the arguments above. The code specifically encounters the error on line 279 when it tests if minutesOffset < 0; (-15) which is the case; so it throws the error on line 280 : Minutes out of range: with the value provided for that argument -15.']","The bug arises from line 279, where the variable `minuteOffset` is set to -15, which is less than 0. This variable should be defined as ""unsigned"" to prevent negative values. The logical check currently allows for invalid input when `minuteOffset` is assigned -15.",48.5,10.0,0.11577555888267664,0.7041146
8,"[""yep; they are checking if minutesOffset < 0 to throw an exception; and as -15 <0; it gets thrown. looks like they updated the comments but not the code. and this is why comments are evil liars that can't be trusted!""
 'As noted in the comments; valid input for minutes must be in the rage -59 to +59 but on line 279 of the source minutesOffset is checked for < 0. Instead it should be minutesOFfset < -59 . Also noted in comments is that versions before 2.3 minutes had to be zero or positive. ""Minutes out of range: + minutesOffset"" is our error.'
 'There is a logical check for if minuteOffset is less than 0 or greater than 59 causing it to throw an exception because the value is out of bounds (negative number)'
 'Yes; the variable gets set to -15 through the arguments above. The code specifically encounters the error on line 279 when it tests if minutesOffset < 0; (-15) which is the case; so it throws the error on line 280 : Minutes out of range: with the value provided for that argument -15.'
 'The error is stemming from line 279 because the value of -15 for minutesOffset is < 0. The line should be     if (minutesOffset < -59 || minutesOffset > 59) {'
 'The variable ""minutesOffset"" is checked incorrectly by the IF statement on line 279. Any negative value for ""minutesOffset"" will throw this exception; while the documentation states that ""minutesOffset"" can be negative in some cases.'
 'In the code there is a check that 0 <= minutes < 60 and the minutesOffset is -15 which does not fall into these prarmeters thus throwing an Exception'
 'Minutes are set to -15; which is less then 0 and it throws illegal arg exception']","The bug arises from improper handling of the ""minutesOffset"" variable, which can be set to -15. The code incorrectly checks if ""minutesOffset"" is less than 0 at line 279, thereby allowing invalid input for minutes. The logical check should ensure that ""minutesOffset"" is within valid bounds (0 <= minutesOffset). This oversight is causing the error.",49.31,11.0,0.07784989441615227,0.73602146
8,"['This variable contains a value of -15 as set by DateTimeZone.forOffsetHoursMinutes(-2; -15). Line 279 checks to see if is a valid value; meaning that is between 0 and 59. Since it is not; an exception error is thrown in line 280.'
 'YES. The issue is on line 279 (as I explained in my first question; of which I misunderstood that I was only being asked about the specific issue; not generalized issue). On line 279 the variable ""minutesOffSet"" is parameterized to throw an exception if it is < 0 or > 59. Line 279 should read ""if (minutesOffset < -59 || minutesOffset > 59) {"" because now the method can take in the number of minutes as a negative and will allow the method to properly progress to invoke/call further methods such as those asked about in the two previous questions.'
 'There is a logical check for if minuteOffset is less than 0 or greater than 59 causing it to throw an exception because the value is out of bounds (negative number)'
 'Minutes are set to -15; which is less then 0 and it throws illegal arg exception'
 ""yep; they are checking if minutesOffset < 0 to throw an exception; and as -15 <0; it gets thrown. looks like they updated the comments but not the code. and this is why comments are evil liars that can't be trusted!""
 'In the code there is a check that 0 <= minutes < 60 and the minutesOffset is -15 which does not fall into these prarmeters thus throwing an Exception'
 'the variable should be defined as ""unsigned int"" if we expect it to be always positive'
 'The variable ""minutesOffset"" is checked incorrectly by the IF statement on line 279. Any negative value for ""minutesOffset"" will throw this exception; while the documentation states that ""minutesOffset"" can be negative in some cases.']","The bug is related to the variable ""minutesOffset"" being set to -15, which is less than 0. The code incorrectly checks if ""minutesOffset"" is less than 0 instead of ensuring it is non-negative. This check occurs on line 279, and the variable should be defined as ""unsigned"" to prevent negative values.",54.22,10.1,0.08631906158060838,0.76977104
8,"['YES. The issue is on line 279 (as I explained in my first question; of which I misunderstood that I was only being asked about the specific issue; not generalized issue). On line 279 the variable ""minutesOffSet"" is parameterized to throw an exception if it is < 0 or > 59. Line 279 should read ""if (minutesOffset < -59 || minutesOffset > 59) {"" because now the method can take in the number of minutes as a negative and will allow the method to properly progress to invoke/call further methods such as those asked about in the two previous questions.'
 'The value of minutes offset does not have valid argument as a result this method will not be called as and argument exception will be displayed.'
 'The error is stemming from line 279 because the value of -15 for minutesOffset is < 0. The line should be     if (minutesOffset < -59 || minutesOffset > 59) {'
 'As noted in the comments; valid input for minutes must be in the rage -59 to +59 but on line 279 of the source minutesOffset is checked for < 0. Instead it should be minutesOFfset < -59 . Also noted in comments is that versions before 2.3 minutes had to be zero or positive. ""Minutes out of range: + minutesOffset"" is our error.'
 'In the code there is a check that 0 <= minutes < 60 and the minutesOffset is -15 which does not fall into these prarmeters thus throwing an Exception'
 'Minutes are set to -15; which is less then 0 and it throws illegal arg exception'
 'There is a logical check for if minuteOffset is less than 0 or greater than 59 causing it to throw an exception because the value is out of bounds (negative number)'
 'This variable contains a value of -15 as set by DateTimeZone.forOffsetHoursMinutes(-2; -15). Line 279 checks to see if is a valid value; meaning that is between 0 and 59. Since it is not; an exception error is thrown in line 280.']","The bug is located on line 279 due to an invalid input for `minuteOffset`, which is set to -15. This value does not satisfy the required condition of being greater than or equal to 0. A logical check in the code confirms that the minutes offset must meet this criteria. To fix the bug, ensure that the input value for `minutes` adheres to this constraint.",63.39,7.8,0.11072314746526751,0.750882
9,"['There is a logical check for if minuteOffset is less than 0 or greater than 59 causing it to throw an exception because the value is out of bounds (negative number)'
 'The value of minutes offset does not have valid argument as a result this method will not be called as and argument exception will be displayed.'
 ""yep; they are checking if minutesOffset < 0 to throw an exception; and as -15 <0; it gets thrown. looks like they updated the comments but not the code. and this is why comments are evil liars that can't be trusted!""
 'the variable should be defined as ""unsigned int"" if we expect it to be always positive'
 'As noted in the comments; valid input for minutes must be in the rage -59 to +59 but on line 279 of the source minutesOffset is checked for < 0. Instead it should be minutesOFfset < -59 . Also noted in comments is that versions before 2.3 minutes had to be zero or positive. ""Minutes out of range: + minutesOffset"" is our error.'
 'Yes; the variable gets set to -15 through the arguments above. The code specifically encounters the error on line 279 when it tests if minutesOffset < 0; (-15) which is the case; so it throws the error on line 280 : Minutes out of range: with the value provided for that argument -15.'
 'Minutes are set to -15; which is less then 0 and it throws illegal arg exception'
 'The variable ""minutesOffset"" is checked incorrectly by the IF statement on line 279. Any negative value for ""minutesOffset"" will throw this exception; while the documentation states that ""minutesOffset"" can be negative in some cases.'
 'YES. The issue is on line 279 (as I explained in my first question; of which I misunderstood that I was only being asked about the specific issue; not generalized issue). On line 279 the variable ""minutesOffSet"" is parameterized to throw an exception if it is < 0 or > 59. Line 279 should read ""if (minutesOffset < -59 || minutesOffset > 59) {"" because now the method can take in the number of minutes as a negative and will allow the method to properly progress to invoke/call further methods such as those asked about in the two previous questions.']","The bug report identifies a logical issue with the variable ""minutesOffset,"" which is incorrectly defined as a signed integer, allowing values such as -15. The check for valid input does not properly verify that minutesOffset is non-negative, leading to unintended negative values. The specific line of concern is line 279, where the check incorrectly evaluates if minutesOffset is less than 0. To fix the bug, minutesOffset should be defined as ""unsigned"" to prevent negative values.",35.47,13.7,0.08489527199560179,0.7250648
9,"['YES. The issue is on line 279 (as I explained in my first question; of which I misunderstood that I was only being asked about the specific issue; not generalized issue). On line 279 the variable ""minutesOffSet"" is parameterized to throw an exception if it is < 0 or > 59. Line 279 should read ""if (minutesOffset < -59 || minutesOffset > 59) {"" because now the method can take in the number of minutes as a negative and will allow the method to properly progress to invoke/call further methods such as those asked about in the two previous questions.'
 'the variable should be defined as ""unsigned int"" if we expect it to be always positive'
 'The value of minutes offset does not have valid argument as a result this method will not be called as and argument exception will be displayed.'
 'The variable ""minutesOffset"" is checked incorrectly by the IF statement on line 279. Any negative value for ""minutesOffset"" will throw this exception; while the documentation states that ""minutesOffset"" can be negative in some cases.'
 'As noted in the comments; valid input for minutes must be in the rage -59 to +59 but on line 279 of the source minutesOffset is checked for < 0. Instead it should be minutesOFfset < -59 . Also noted in comments is that versions before 2.3 minutes had to be zero or positive. ""Minutes out of range: + minutesOffset"" is our error.'
 'Minutes are set to -15; which is less then 0 and it throws illegal arg exception'
 'This variable contains a value of -15 as set by DateTimeZone.forOffsetHoursMinutes(-2; -15). Line 279 checks to see if is a valid value; meaning that is between 0 and 59. Since it is not; an exception error is thrown in line 280.'
 'In the code there is a check that 0 <= minutes < 60 and the minutesOffset is -15 which does not fall into these prarmeters thus throwing an Exception'
 'The error is stemming from line 279 because the value of -15 for minutesOffset is < 0. The line should be     if (minutesOffset < -59 || minutesOffset > 59) {']","The bug is located on line 279, where the variable ""minutesOffset"" should be defined as ""unsigned"" to avoid negative values. Currently, it is set to -15, which is less than 0 and causes incorrect checks for the variable. The code only allows values where 0 <= minutesOffset, but valid input for minutes offset is not being properly validated.",43.73,11.6,0.14757569038298457,0.7544299
9,"['The error is stemming from line 279 because the value of -15 for minutesOffset is < 0. The line should be     if (minutesOffset < -59 || minutesOffset > 59) {'
 'In the code there is a check that 0 <= minutes < 60 and the minutesOffset is -15 which does not fall into these prarmeters thus throwing an Exception'
 'the variable should be defined as ""unsigned int"" if we expect it to be always positive'
 'The value of minutes offset does not have valid argument as a result this method will not be called as and argument exception will be displayed.'
 'Minutes are set to -15; which is less then 0 and it throws illegal arg exception'
 'This variable contains a value of -15 as set by DateTimeZone.forOffsetHoursMinutes(-2; -15). Line 279 checks to see if is a valid value; meaning that is between 0 and 59. Since it is not; an exception error is thrown in line 280.'
 'Yes; the variable gets set to -15 through the arguments above. The code specifically encounters the error on line 279 when it tests if minutesOffset < 0; (-15) which is the case; so it throws the error on line 280 : Minutes out of range: with the value provided for that argument -15.'
 'There is a logical check for if minuteOffset is less than 0 or greater than 59 causing it to throw an exception because the value is out of bounds (negative number)'
 'As noted in the comments; valid input for minutes must be in the rage -59 to +59 but on line 279 of the source minutesOffset is checked for < 0. Instead it should be minutesOFfset < -59 . Also noted in comments is that versions before 2.3 minutes had to be zero or positive. ""Minutes out of range: + minutesOffset"" is our error.']","The bug originates from line 279 where the variable `minutes` is incorrectly set to -15, violating the condition that it must be 0 or greater. The check for `minuteOffset` does not validate this value, allowing an invalid value to be assigned. To fix the bug, ensure that `minutes` is defined as ""unsigned"" and implement a logical check to validate the `minutes offset` is within the acceptable range before assignment.",39.67,14.0,0.1369500938964403,0.71517295
10,"['Yes; the variable gets set to -15 through the arguments above. The code specifically encounters the error on line 279 when it tests if minutesOffset < 0; (-15) which is the case; so it throws the error on line 280 : Minutes out of range: with the value provided for that argument -15.'
 'There is a logical check for if minuteOffset is less than 0 or greater than 59 causing it to throw an exception because the value is out of bounds (negative number)'
 'The error is stemming from line 279 because the value of -15 for minutesOffset is < 0. The line should be     if (minutesOffset < -59 || minutesOffset > 59) {'
 'The variable ""minutesOffset"" is checked incorrectly by the IF statement on line 279. Any negative value for ""minutesOffset"" will throw this exception; while the documentation states that ""minutesOffset"" can be negative in some cases.'
 'This variable contains a value of -15 as set by DateTimeZone.forOffsetHoursMinutes(-2; -15). Line 279 checks to see if is a valid value; meaning that is between 0 and 59. Since it is not; an exception error is thrown in line 280.'
 'As noted in the comments; valid input for minutes must be in the rage -59 to +59 but on line 279 of the source minutesOffset is checked for < 0. Instead it should be minutesOFfset < -59 . Also noted in comments is that versions before 2.3 minutes had to be zero or positive. ""Minutes out of range: + minutesOffset"" is our error.'
 'YES. The issue is on line 279 (as I explained in my first question; of which I misunderstood that I was only being asked about the specific issue; not generalized issue). On line 279 the variable ""minutesOffSet"" is parameterized to throw an exception if it is < 0 or > 59. Line 279 should read ""if (minutesOffset < -59 || minutesOffset > 59) {"" because now the method can take in the number of minutes as a negative and will allow the method to properly progress to invoke/call further methods such as those asked about in the two previous questions.'
 'The value of minutes offset does not have valid argument as a result this method will not be called as and argument exception will be displayed.'
 'Minutes are set to -15; which is less then 0 and it throws illegal arg exception'
 'In the code there is a check that 0 <= minutes < 60 and the minutesOffset is -15 which does not fall into these prarmeters thus throwing an Exception']","The bug occurs because the variable ""minutesOffset"" is incorrectly set to -15, which is less than 0. This value is assigned through logic on line 279 and fails the logical check that requires minutesOffset to be 0 or greater. Valid input for minutes offset should not include negative values.",54.93,10.2,0.21626073957839223,0.7481721
10,"['The error is stemming from line 279 because the value of -15 for minutesOffset is < 0. The line should be     if (minutesOffset < -59 || minutesOffset > 59) {'
 'As noted in the comments; valid input for minutes must be in the rage -59 to +59 but on line 279 of the source minutesOffset is checked for < 0. Instead it should be minutesOFfset < -59 . Also noted in comments is that versions before 2.3 minutes had to be zero or positive. ""Minutes out of range: + minutesOffset"" is our error.'
 'In the code there is a check that 0 <= minutes < 60 and the minutesOffset is -15 which does not fall into these prarmeters thus throwing an Exception'
 'There is a logical check for if minuteOffset is less than 0 or greater than 59 causing it to throw an exception because the value is out of bounds (negative number)'
 'Yes; the variable gets set to -15 through the arguments above. The code specifically encounters the error on line 279 when it tests if minutesOffset < 0; (-15) which is the case; so it throws the error on line 280 : Minutes out of range: with the value provided for that argument -15.'
 'The variable ""minutesOffset"" is checked incorrectly by the IF statement on line 279. Any negative value for ""minutesOffset"" will throw this exception; while the documentation states that ""minutesOffset"" can be negative in some cases.'
 ""yep; they are checking if minutesOffset < 0 to throw an exception; and as -15 <0; it gets thrown. looks like they updated the comments but not the code. and this is why comments are evil liars that can't be trusted!""
 'YES. The issue is on line 279 (as I explained in my first question; of which I misunderstood that I was only being asked about the specific issue; not generalized issue). On line 279 the variable ""minutesOffSet"" is parameterized to throw an exception if it is < 0 or > 59. Line 279 should read ""if (minutesOffset < -59 || minutesOffset > 59) {"" because now the method can take in the number of minutes as a negative and will allow the method to properly progress to invoke/call further methods such as those asked about in the two previous questions.'
 'This variable contains a value of -15 as set by DateTimeZone.forOffsetHoursMinutes(-2; -15). Line 279 checks to see if is a valid value; meaning that is between 0 and 59. Since it is not; an exception error is thrown in line 280.'
 'Minutes are set to -15; which is less then 0 and it throws illegal arg exception']","The bug originates from line 279, where the variable ""minutesOffset"" is incorrectly checked. It is set to -15, which is less than 0, causing a validation error despite the code checking for valid input (0 <= minutes). The logical check for minutesOffset being less than 0 is flawed and needs correction.",54.52,10.7,0.14142135623730948,0.7686415
10,"['As noted in the comments; valid input for minutes must be in the rage -59 to +59 but on line 279 of the source minutesOffset is checked for < 0. Instead it should be minutesOFfset < -59 . Also noted in comments is that versions before 2.3 minutes had to be zero or positive. ""Minutes out of range: + minutesOffset"" is our error.'
 'The variable ""minutesOffset"" is checked incorrectly by the IF statement on line 279. Any negative value for ""minutesOffset"" will throw this exception; while the documentation states that ""minutesOffset"" can be negative in some cases.'
 'The value of minutes offset does not have valid argument as a result this method will not be called as and argument exception will be displayed.'
 'The error is stemming from line 279 because the value of -15 for minutesOffset is < 0. The line should be     if (minutesOffset < -59 || minutesOffset > 59) {'
 'Yes; the variable gets set to -15 through the arguments above. The code specifically encounters the error on line 279 when it tests if minutesOffset < 0; (-15) which is the case; so it throws the error on line 280 : Minutes out of range: with the value provided for that argument -15.'
 'Minutes are set to -15; which is less then 0 and it throws illegal arg exception'
 'This variable contains a value of -15 as set by DateTimeZone.forOffsetHoursMinutes(-2; -15). Line 279 checks to see if is a valid value; meaning that is between 0 and 59. Since it is not; an exception error is thrown in line 280.'
 'In the code there is a check that 0 <= minutes < 60 and the minutesOffset is -15 which does not fall into these prarmeters thus throwing an Exception'
 'the variable should be defined as ""unsigned int"" if we expect it to be always positive'
 'YES. The issue is on line 279 (as I explained in my first question; of which I misunderstood that I was only being asked about the specific issue; not generalized issue). On line 279 the variable ""minutesOffSet"" is parameterized to throw an exception if it is < 0 or > 59. Line 279 should read ""if (minutesOffset < -59 || minutesOffset > 59) {"" because now the method can take in the number of minutes as a negative and will allow the method to properly progress to invoke/call further methods such as those asked about in the two previous questions.']","The bug report indicates that the variable ""minutesOffset"" is incorrectly set to -15, which is less than the required minimum value of 0. This error arises on line 279 of the code, where input validation fails. To fix the bug, the variable should be defined as ""unsigned"" to prevent negative values.",54.22,10.1,0.10846522890932807,0.7340792
11,"['This variable contains a value of -15 as set by DateTimeZone.forOffsetHoursMinutes(-2; -15). Line 279 checks to see if is a valid value; meaning that is between 0 and 59. Since it is not; an exception error is thrown in line 280.'
 'In the code there is a check that 0 <= minutes < 60 and the minutesOffset is -15 which does not fall into these prarmeters thus throwing an Exception'
 'As noted in the comments; valid input for minutes must be in the rage -59 to +59 but on line 279 of the source minutesOffset is checked for < 0. Instead it should be minutesOFfset < -59 . Also noted in comments is that versions before 2.3 minutes had to be zero or positive. ""Minutes out of range: + minutesOffset"" is our error.'
 'The error is stemming from line 279 because the value of -15 for minutesOffset is < 0. The line should be     if (minutesOffset < -59 || minutesOffset > 59) {'
 'The variable ""minutesOffset"" is checked incorrectly by the IF statement on line 279. Any negative value for ""minutesOffset"" will throw this exception; while the documentation states that ""minutesOffset"" can be negative in some cases.'
 'The value of minutes offset does not have valid argument as a result this method will not be called as and argument exception will be displayed.'
 'There is a logical check for if minuteOffset is less than 0 or greater than 59 causing it to throw an exception because the value is out of bounds (negative number)'
 'the variable should be defined as ""unsigned int"" if we expect it to be always positive'
 'Yes; the variable gets set to -15 through the arguments above. The code specifically encounters the error on line 279 when it tests if minutesOffset < 0; (-15) which is the case; so it throws the error on line 280 : Minutes out of range: with the value provided for that argument -15.'
 'Minutes are set to -15; which is less then 0 and it throws illegal arg exception'
 'YES. The issue is on line 279 (as I explained in my first question; of which I misunderstood that I was only being asked about the specific issue; not generalized issue). On line 279 the variable ""minutesOffSet"" is parameterized to throw an exception if it is < 0 or > 59. Line 279 should read ""if (minutesOffset < -59 || minutesOffset > 59) {"" because now the method can take in the number of minutes as a negative and will allow the method to properly progress to invoke/call further methods such as those asked about in the two previous questions.']","The bug is caused by the variable ""minutesOffset"" being set to -15, which is less than 0. This leads to the failure of the validation check (0 <= minutesOffset < valid input range) on line 279. The variable should be defined as ""unsigned"" to prevent negative values.",56.25,9.1,0.08244257163149295,0.70463926
11,"[""yep; they are checking if minutesOffset < 0 to throw an exception; and as -15 <0; it gets thrown. looks like they updated the comments but not the code. and this is why comments are evil liars that can't be trusted!""
 'YES. The issue is on line 279 (as I explained in my first question; of which I misunderstood that I was only being asked about the specific issue; not generalized issue). On line 279 the variable ""minutesOffSet"" is parameterized to throw an exception if it is < 0 or > 59. Line 279 should read ""if (minutesOffset < -59 || minutesOffset > 59) {"" because now the method can take in the number of minutes as a negative and will allow the method to properly progress to invoke/call further methods such as those asked about in the two previous questions.'
 'The value of minutes offset does not have valid argument as a result this method will not be called as and argument exception will be displayed.'
 'There is a logical check for if minuteOffset is less than 0 or greater than 59 causing it to throw an exception because the value is out of bounds (negative number)'
 'As noted in the comments; valid input for minutes must be in the rage -59 to +59 but on line 279 of the source minutesOffset is checked for < 0. Instead it should be minutesOFfset < -59 . Also noted in comments is that versions before 2.3 minutes had to be zero or positive. ""Minutes out of range: + minutesOffset"" is our error.'
 'The variable ""minutesOffset"" is checked incorrectly by the IF statement on line 279. Any negative value for ""minutesOffset"" will throw this exception; while the documentation states that ""minutesOffset"" can be negative in some cases.'
 'Yes; the variable gets set to -15 through the arguments above. The code specifically encounters the error on line 279 when it tests if minutesOffset < 0; (-15) which is the case; so it throws the error on line 280 : Minutes out of range: with the value provided for that argument -15.'
 'This variable contains a value of -15 as set by DateTimeZone.forOffsetHoursMinutes(-2; -15). Line 279 checks to see if is a valid value; meaning that is between 0 and 59. Since it is not; an exception error is thrown in line 280.'
 'the variable should be defined as ""unsigned int"" if we expect it to be always positive'
 'In the code there is a check that 0 <= minutes < 60 and the minutesOffset is -15 which does not fall into these prarmeters thus throwing an Exception'
 'Minutes are set to -15; which is less then 0 and it throws illegal arg exception']","The bug occurs due to improper handling of the variable ""minutesOffset,"" which is incorrectly set to -15 and checked against a condition that requires it to be greater than or equal to 0. The check on line 279 fails because the value is negative, and valid input values must be non-negative. To fix the issue, ""minutesOffset"" should be defined as ""unsigned"" to prevent negative values from being set.",48.43,13.0,0.13578374584803315,0.7722075
11,"['There is a logical check for if minuteOffset is less than 0 or greater than 59 causing it to throw an exception because the value is out of bounds (negative number)'
 'YES. The issue is on line 279 (as I explained in my first question; of which I misunderstood that I was only being asked about the specific issue; not generalized issue). On line 279 the variable ""minutesOffSet"" is parameterized to throw an exception if it is < 0 or > 59. Line 279 should read ""if (minutesOffset < -59 || minutesOffset > 59) {"" because now the method can take in the number of minutes as a negative and will allow the method to properly progress to invoke/call further methods such as those asked about in the two previous questions.'
 'In the code there is a check that 0 <= minutes < 60 and the minutesOffset is -15 which does not fall into these prarmeters thus throwing an Exception'
 'The variable ""minutesOffset"" is checked incorrectly by the IF statement on line 279. Any negative value for ""minutesOffset"" will throw this exception; while the documentation states that ""minutesOffset"" can be negative in some cases.'
 'This variable contains a value of -15 as set by DateTimeZone.forOffsetHoursMinutes(-2; -15). Line 279 checks to see if is a valid value; meaning that is between 0 and 59. Since it is not; an exception error is thrown in line 280.'
 'As noted in the comments; valid input for minutes must be in the rage -59 to +59 but on line 279 of the source minutesOffset is checked for < 0. Instead it should be minutesOFfset < -59 . Also noted in comments is that versions before 2.3 minutes had to be zero or positive. ""Minutes out of range: + minutesOffset"" is our error.'
 'Yes; the variable gets set to -15 through the arguments above. The code specifically encounters the error on line 279 when it tests if minutesOffset < 0; (-15) which is the case; so it throws the error on line 280 : Minutes out of range: with the value provided for that argument -15.'
 'The error is stemming from line 279 because the value of -15 for minutesOffset is < 0. The line should be     if (minutesOffset < -59 || minutesOffset > 59) {'
 'The value of minutes offset does not have valid argument as a result this method will not be called as and argument exception will be displayed.'
 'the variable should be defined as ""unsigned int"" if we expect it to be always positive'
 ""yep; they are checking if minutesOffset < 0 to throw an exception; and as -15 <0; it gets thrown. looks like they updated the comments but not the code. and this is why comments are evil liars that can't be trusted!""]","The bug is located on line 279 of the code, where there is an incorrect logical check for the variable ""minutesOffset."" This variable holds a value of -15, which is invalid since valid input should be in the range of 0 or higher. The check incorrectly evaluates if ""minutesOffset"" is less than 0, leading to logical errors. To fix this, the variable should be defined as ""unsigned int"" to prevent negative values.",53.21,9.9,0.13415241372985492,0.7562301
