Ground_Truth,FailingMethod,Answer.explanation
0,HIT01_8,hoursOffset accepts negative numbers between -23 and 23. Which is what is stated it should accept.
0,HIT01_8,the conditional clause is correct for the given range of -23 to +23
0,HIT01_8,The argument -2 is within the range (-23;23); and therefore the if statement condition on line 276 will fail; causing the program to move to the next if statement.
0,HIT01_8,The exception is in no way related to the hoursOffset parameter.
0,HIT01_8,The issue cannot be with hoursOffset since the failure indicated that the minutes were out of range.
0,HIT01_8,The failure speaks of Minutes out of range; and this message is only produced when line 279 is checked for minutesOffset. hoursOffset hasn't anything to do with that.
0,HIT01_8,The usage and declaration of hoursOffset seems to be correct; both in exception handling and in translation to hoursInMinutes
0,HIT01_8,lack of a proper source viewer editor leaves doubt that I haven't missed something; but I see nothing that calls this method for this part of the question. nothing improper seems to be going on there. everything is int as well as expected return value. it appears to be a shorthand way of getting a timezone with zero minutes offset
0,HIT01_8,I dont know
0,HIT01_8,it is tough
0,HIT01_8,"The issue has nothing to do with the hours; otherwise it would be lines 276-278 throwing the Exception with ""Hours out of range:-2.""  The issue is from lines 279-281."
0,HIT01_8,its an integer value from -59 to 59. int seems very appropriate.
0,HIT01_8,Hour offset is a valid input but it is not related to the exception.
0,HIT01_8,The time should not be negative value 
0,HIT01_8,The issue is with the conditional on line 279; which does not involve the hoursOffset variable.
0,HIT01_8,int can be positive or negative; no error
0,HIT01_8,the problem is with the minute variable not the hour
0,HIT01_8,If issue is in hoursOffset;we will be getting Exception as a java.lang.IlleagalArgumentException Hours out of range:-2
0,HIT01_8,This variable definition is perfectly fine.
0,HIT01_8,The value of hoursoffset variable is lying in an invalid argument zone. hence the conditional statements inside this method will not be invoked and an exception of Invalid Argument will be shown to the user.
0,HIT01_8,The conditional checks if hours and minutes are 0.  This is not true; so the conditional does not come into play.
0,HIT01_8,Lines 273 to 275 only check to ensure the offsets don't equal zero. These lines don't result in the exception shown above being shown.
0,HIT01_8,The offset values are just being checked for zero values; and the code will pass through.
0,HIT01_8,The error being thrown is on lines 279-281    Lines 273-275 would be returning the timezone rather then throwing errors
0,HIT01_8,This shouldn't be causing an out of range error because this is only looking to see if the inputs are 0 so that shouldn't be the issue here.
0,HIT01_8,That line just says that if there is no offset; then just return the usual time.
0,HIT01_8,The conditional is simply checking if the inputs are both 0; in which case it returns the current time
0,HIT01_8,"The same problem as the string is trying to sub string a Null value. But wouldn't the "".length() > 0"" part eliminate that issue?    No; calling itemdescription.length() when itemdescription is null would not generate a StringIndexOutOfBoundsException; but rather a NullPointerException since you would essentially be trying to call a method on null.    As others have indicated; StringIndexOutOfBoundsException indicates that itemdescription is not at least 38 characters long. You probably want to handle both conditions (I assuming you want to truncate):  "
0,HIT01_8,The problem is in line 279; the statement throws an IllegalArgumentException for any minutesOffset less than 0 (i.e. negative offsets).
0,HIT01_8,There is no offset; therefore we can just return the local time.
0,HIT01_8,There is no error with the conditional clause. It has a valid argument and proper syntax.
0,HIT01_8,Those lines of code only determine that if both parameters that are fed into forOffsetHoursMinutes have a 0 value; the function returns UTC; which is exactly the same as no offset. This would seem to be a proper way for the method to function. Since the parameters that are fed into the method are not both 0; the code in that block is not executed and can therefore have nothing to do with the resulting exception.
0,HIT01_8,shouldn't be negative sign in front of  15
0,HIT01_8,0 is a valid condition here
0,HIT01_8,has nothing to do with the minutes being out of range (just return the date/time if there is no offset)
0,HIT01_8,It's a couple simple int;int comparisons and a return statement
0,HIT01_8,The logic check for an offset of 0 hours and 0 minutes works correctly and is unrelated to this exception.
0,HIT01_8,both variables are checked with equality with 0; condition is nothing to do with failure 
0,HIT01_8,"The conditional clause makes sense because the program is checking if any offset was included. The conditional statment being checked will be false for the provided input because hours is not zero (and minutes are not zero; but since it's an ""and"" statement that doesn't matter) so line 274 will not run and it cannot be the source of the problem. "
0,HIT01_8,These line don't apply. 
0,HIT01_8,hour range is 0 to 23 both positive and negative and a valid check
0,HIT01_8,"This conditional is not satisfied by the input. Plus if this exception were raised the exception message would say ""Hours out of range"" instead of minutes. The exception is coming from line 280."
0,HIT01_8,No issue on 276 to 278. The error will happen on line 279 when a check for minutesOffset is done. At this point an IllegalArgumentException will be thrown on line 280. 
0,HIT01_8,This error handling code is consistent with the functionality indicated by the comments.
0,HIT01_8,"The error message states ""Minutes out of range"" yet the code between lines 276-278 state ""Hours out of range."" Looking at the rest of the code; the -15 parameter refers to minutesOffSet so it wasn't being tested."
0,HIT01_8,The if statement in line 276 allows a negative hourOffset to -23; so a -2 hourOffset that was passed would be acceptable. The exception is thrown at line 280; where the minuteOffset is evaluated.
0,HIT01_8,As stated in the earlier question; the issue lies in the input. 
0,HIT01_8,No the exception was thrown at line 280 because the minutesOffset passed to the method is < 0.
0,HIT01_8,"The conditional clause between lines 276 and 278 seem to checking the hour value to determine if it is in the correct range which is between -23 and 23. Since the hour value appears to be valid as the IllegalArgumentException ""Hours out of range"" is not thrown; the issue does not seem to be in these lines.  "
0,HIT01_8,"Actually; I didn't pay close enough attention in the last one. I think that I didn't realize that I'm completely unfamiliar with ""throw"" -- does throw even exist in python? Maybe it does; but I haven't learned about it yet; I'm still not very good at programming.."
0,HIT01_8,The statement in line 276 checks houroffset between -23 and 23.If the value exceeds that limit it will result only  in hour out of range exception.
0,HIT01_8,That exception is for minutes out of range while the lines highlighted are for hours. 
0,HIT01_8,The issue is pretty clearly in lines 279-281. You considered -02:15 to be (-2;-15) however your logic is set up so that a negative minute offset throws an illeg arg exception. Either always have the minute offset be positive or change the conditions in that line. Depending on what you choose; make sure you alter lines 285-290 as well. 
0,HIT01_8,This code segment is fine and gives and error message if the user does not follow rules of useage
0,HIT01_8,there's time mentioned in negative which is out of range for language
0,HIT01_8," if (minutesOffset < 0 || minutesOffset > 59) {              throw new IllegalArgumentException(""Minutes out of range: "" + minutesOffset);          }"
0,HIT01_8,Similar to the previous question; lines 276 and 278 did not cause the failure because the failure states that the minutesoffset were out of range (causing an illegal argument exception) while lines 276 and 278 deal solely with the hoursoffset.
0,HIT01_8,As the value send is -2; the hoursoffset value will not be less than -23 or greater than 23
0,HIT01_8,The error message indicates that the failure occurs on line 280.
1,HIT01_8,There may be an issue as it involves not indigenous java
0,HIT01_8,I don't think it ever goes that far into code to cause an issue because if statement checks if minutes are less then 0 or greater then 59 and -15 is less then 0
0,HIT01_8,The problem is at line 279 which prevents a negative minutes value being accepted even though the programmer comments indicate that since version 2.3 negative minutes up to -59 are acceptable. The @throws IllegalArgumentException comment is also referring to versions before 2.3.
0,HIT01_8,This is a variable used to calculate the offset; and the error is happening above this
0,HIT01_8,offset is not even reached before the IllegalArgumentException is thrown
0,HIT01_8,"As I seem to have misunderstood the previous question; for the sake of consistency; I will declare Yes; there is an issue BUT No; it is not with the variable ""offset"". The issue can be attributed to line 279 because the variable ""minutesOffSet"" is still parameterized to throw an exception if it is < 0; rather it should be: < -59 to correct this issue."
0,HIT01_8,we never get to line 282 as the exeception is thrown due to minutes being negative at line 280 ... as in first part; comments and code are at odds.
0,HIT01_8,"The problem is on line 279 where the minutes are checked. The value ""-15"" makes the IF statement true; and the exception is thrown. The variable ""offset"" is unrelated to this failure."
0,HIT01_8,This error occurs will likely occur if the minute value is too large or too small. When the DateTimeZone method is called; it checks to see if the minute is less than zero or greater than 59 in line 279. Since this value is less than zero; it throws the illegal IllegalArgumentException error in line 280.
0,HIT01_8,If there was; there would be a different error thrown (Millis out of range). The error gets thrown before it even gets to the offset definition.
0,HIT01_8,offset is simply being initilized to zero; it will later be set to the result of: FieldUtils.safeMultiply(minutesOffset; DateTimeConstants.MILLIS_PER_MINUTE);
0,HIT01_8,exceeption is raised at line 280
0,HIT01_8,we need to declaration of offset value as 0 & it can be declared  anywhere within the java program
0,HIT01_8,Java ints are signed.
0,HIT01_8,its only an argument exception and the argument given is a constant
0,HIT01_8,Yes there could be an issue with the parameters passed it will finally give answer millis out of range
0,HIT01_8,nope; it's fine. i dont personally like the name of it though.
0,HIT01_8,Once again the program doesn't get to this point because of the arguments.
0,HIT01_8,the offset variable is still zero; making it out of range
0,HIT01_8,"The variable definition for ""offset"" is appropriate; and has (to my knowledge) no impact on why the code threw out the failure outlined above because the variable itself is defined below where the code threw out the failure."
0,HIT01_8,I believe the error is in the offset described in hours in line 284
0,HIT01_8,The issue occurs before this point in the code. The javadoc says it accepts negative minutes; but it's hard coded to throw the exception if minutesOffset is negative.
0,HIT01_8,In the comment in the source code it says that the minutes value must be in the range -59 to +59. However; in the code it throws an exception if the minutes value is less than 0. It should only throw an exception if the minutes value is less than -59; not less than 0.
0,HIT01_8,Illegal argument exception is thrown if the id is not recognised -02:15 is not recognised
0,HIT01_8,No - it is working as it should; the offset should be a negative given the desired result.
0,HIT01_8,"On line 279: When calling ""DateTimeZone.forOffsetHoursMinutes(-2; -15));"" the ""-15"" minutesOffset is out of range of the if statement ""if (minutesOffset < 0 || minutesOffset > 59)"" thus throwing the error.    The variable horusInMinutes is unrelated to the error that is being thrown as it hasn't even been initiated prior to the Illegal Argument Exception"
0,HIT01_8,This is an integer being defined as another integer multiplied by 60. This looks fine.
0,HIT01_8,In line 279; negative values of minutesOffset will automatically throw an exception.
0,HIT01_8,hoursInMinutes is multiplying hoursOffset which is an argument of forOffsetHoursMinutes and is between -24 0 and 24
0,HIT01_8,"I""m guessing because the string is trying to sub string a Null value. But wouldn't the "".length() > 0"" part eliminate that issue?    No; calling itemdescription.length() when itemdescription is null would not generate a StringIndexOutOfBoundsException; but rather a NullPointerException since you would essentially be trying to call a method on null.    As others have indicated; StringIndexOutOfBoundsException indicates that itemdescription is not at least 38 characters long. You probably want to handle both conditions (I assuming you want to truncate):"
0,HIT01_8,The problem is in line 279; the statement throws an IllegalArgumentException for any minutesOffset less than 0 (i.e. negative offsets).
0,HIT01_8,The highlighted segment has no relation to the error of the minutes being out of range.
0,HIT01_8,hoursInMinutes = hoursOffset*60 has no problem because an integer can hold negative numbers as well. On the other hand for Offset hours minutes has 2 values in it when it's only looking for 1 value
0,HIT01_8,It is not possible to determine whether there is a problem with the code in lines 285 to 289 simply by looking at the received failure. The code in lines 285 to 289 is not executed because an exception is thrown by lines 279 to 281. It seems however that if the exception had not been caught and lines 285 to 289 would execute; the result of the test would be that both functions do not provide the same result. The parameters that are fed into forOffsetHoursMinutes would lead to an offset of -01:45 instead of -02:15 because of the way this is calculated in line 286.
0,HIT01_8,there should be no negative sign in front of the 15
0,HIT01_8,Hours in minutes gets multiplied by 0.
0,HIT01_8,the error is raised by 280 before hoursInMinutes is defined
0,HIT01_8,it's a simple int * int operation.
0,HIT01_8,The variable is defined and used after the exception occurs
0,HIT01_8,"programme stops @   if (minutesOffset < 0 || minutesOffset > 59) {              throw new IllegalArgumentException(""Minutes out of range: "" + minutesOffset);          }    there is nothing to do with ""hoursInMinutes"""
0,HIT01_8,The variable's definition and use will work perfectly with the input checks above it on lines 273-281. 
0,HIT01_8,It looks to be coded properly. 
0,HIT01_8,The failure is caused by line 279 which excludes minute offsets with a negative value. The function forOffsetHoursMinutes is passed a minute value of -15 which satisfies the first part of the conditional on line 279 causing the exception on 278 to be thrown.    The code in yellow also has a problem. According to the documentation (-2; 15) and (-2; -15) should produce the same result but that won't happen here. This could be fixed by taking the absolute value of the minutes offset in line 286 before subtracting.
0,HIT01_8,This code would not produce the correct result in the case where the input hoursOffset and minutesOffset were both less than zero; although the true source of the error is in lines 279-281 as it throws an error for negative minutesOffset values that the comments indicate are to be handled explicitly by the function.
0,HIT01_8,"The if-else conditional clause allows for integers < 0 and there is no custom error message ""Minutes out of range:-15"" in those lines."
0,HIT01_8,"The exception with the message ""Minutes out of range:"" is thrown at line 280 when a negative integer is passed for the minutesOffset argument. -15 was passed; so that is where the exception is occurring."
0,HIT01_8,"The conditional clause is fine. The issue lies in the input which is negative 15 mins. It should be just 15 instead of ""-15"" as the hoursOffset variable is already negative.  "
0,HIT01_8,The exception got thrown at line 280 because the minutesOffset sent to the method was less than 0.
0,HIT01_8,This error occurs will likely occur if the minute value is too large or too small. When the DateTimeZone method is called; it checks to see if the minute is less than zero or greater than 59 in line 279. Since this value is less than zero; it throws the illegal IllegalArgumentException error in line 280.
0,HIT01_8,In the comments; it provides guidelines for the meaning of the code in terms of the combinations of sign for the hour and minute. It is a bit confusing to tell how it is working. Why are (in line 260 and 262)... the result the same? It seems like something is wrong here; but the comments shouldn't be wrong. -ve and -ve is -ve again? I'm confused here. It's a bit confusing to me what this code is actually trying to do. 
0,HIT01_8,The variable minutesOffset is checked for any negative value.If so it is adjusted with hourInminutes.So that value may not be in out of range.
0,HIT01_8,There is something wrong in line 286. It will give a negative value. 
0,HIT01_8,The logic is correct. If the offset is negative you would subtract the minutes; and add them if they are positive.
0,HIT01_8,I beleive the addtion and subtraction of the time is not the issue
0,HIT01_8,value for time parameters should not be negative;there's time mentioned in negative which is out of range for language
0,HIT01_8,"The lines 279 to 281 is throwing the exception message  i.e.   if (minutesOffset < 0 || minutesOffset > 59) {              throw new IllegalArgumentException(""Minutes out of range: "" + minutesOffset);          }"
0,HIT01_8,"While there is the possibility for and illegal argument exception to be thrown; lines 285 to 289 did not throw the illegal argument exception mentioned above; that exception would have been thrown by line 280 because the values tested in 279 resulted in a false conditional statement; leading to the failure. The true source of the failure are the values that were used to test the forOffsetHoursMinutes; specifically the ""minutesOffset"" value."
0,HIT01_8,As all the variables are defined 
0,HIT01_8,The IllegalArgumentException gets thrown before line 285.
0,HIT01_8,The issue occurs before this point in the code. The javadoc says it accepts negative minutes; but it's hard coded to throw the exception if minutesOffset is negative.
0,HIT01_8,The exception happened due to forOffsetHoursMinutes not accepting negative numbers for minutes; and it throws the exception on line 280.
0,HIT01_8,The failure is caused by the check on line 279. This failure is occurring before you even get to line 290.
0,HIT01_8,line 279 to 280 already throws the failure due to the fact that the if-construct doesnt allow minutes to have a negative value
0,HIT01_8,The argument -15 resulted in the exception being thrown on line 280. This is due to -15 being less than 0; which caused the if statement conditional to pass. Assuming that the exceptions were not thrown; the safeMultiply function shouldn't be related to the failure.
0,HIT01_8,This is third party api and should not give negative values
0,HIT01_8,Assuming safeMultiply takes valid longs and ints then it should not fail with a simple multiplication of  minutesOffset * 60000
0,HIT01_8,Line 279 catches the negative parameter and throws an exception matching the exception in the test. Line 290 is not reached with the parameters above.
0,HIT01_8,"When I searched the internet for the method used in this line of code I found that it is supposed to ""Multiply two values throwing an exception if overflow occurs."".  Given this definition I do not think the error could have occurred here; since if the multiply overflowed and wrapped around to a negative number we would have received a different exception. "
0,HIT01_8,The error is on lines 279-281    The code safeMultiply on line 290 was never even called to create such an error
0,HIT01_8,No issues if we import and defined FieldUtils class with the method safeMultiply.  or Import FieldUtils defined API to current class ;So that we can use this method 
0,HIT01_8,"The issue is actually that in the call ""DateTimeZone.forOffsetHoursMinutes(-2; -15)""; minutesOffset gets a value of -15. Then the argument exception is thrown as line 279 throws it when minutesOffset is <0"
0,HIT01_8,I'm leaning toward no here but I'm not exactly sure. If this function is simply multiplying the two numbers then I don't think that would put the test out of range but I'm not certain on this one.
0,HIT01_8,The exception is thrown before the code gets to that part.
0,HIT01_8,I do not see the code to see proper invocation of safeMultiply; but it appears to take in two arguments; number of millis in one minute; and the number of minutes
0,HIT01_8,It looks like the arguments are correct
0,HIT01_8,"The same answer because the string is trying to sub string a Null value. But wouldn't the "".length() > 0"" part eliminate that issue?    No; calling itemdescription.length() when itemdescription is null would not generate a StringIndexOutOfBoundsException; but rather a NullPointerException since you would essentially be trying to call a method on null.    As others have indicated; StringIndexOutOfBoundsException indicates that itemdescription is not at least 38 characters long. You probably want to handle both conditions (I assuming you want to truncate):  "
0,HIT01_8,the problem seems to be the code isn't following the specification in the comments which seem to allow negative minutes if hours are negative but not otherwise. the code is rejecting with an exception all negative minutes.
0,HIT01_8,The actual problem is in line 279 before line 290 executes; the condition throws out any minutesOffset less than 0; which includes the -15 in the test.
0,HIT01_8,The error is in line 276. There is no need to set the time parameter from -23 to 23 when 0-23 would do much better. There should be two errors shown; instead of merely the minutes being out of range. Otherwise; no problems to be found.
0,HIT01_8,I think this might be a problem because of the offset; but I am not entirely sure. 
0,HIT01_8,I think the exception is thrown by illegal minutes in the if statement on line 279; before it hits line 294
0,HIT01_8,failure is before method invokation
0,HIT01_8,Although forOffsetMillis can throw an IllegalArgumentException when it does it contains a different text message than the one we received. The exception here is coming from line 280.
0,HIT01_8,The code will throw and exception on line 280 and it will never reach line 294. 
0,HIT01_8,The problem is at line 279 which prevents a negative minutes value being accepted even though the programmer comments indicate that since version 2.3 negative minutes up to -59 are acceptable. The @throws IllegalArgumentException comment is also referring to versions before 2.3.
0,HIT01_8,No as this function is correctly being passed an offset in milliseconds that will always be in the specified range.
0,HIT01_8,The error in the code happens earlier in the method and given the parameters (-2; -15); the program would never reach line 294. Line 294 is a valid return statement
0,HIT01_8,there is a check for invalid data and negaitive numbers are considered invalid
0,HIT01_8,I said no for this; but it's possible that if the exception was not thrown at line 280; it would be thrown in the method called (line 11 of forOffsetMillis). I don't know what the MAX_MILLIS constant is set to; so it's hard to say if it actually would.    But to answer the question; no; the failure here is occurring at line 280.
0,HIT01_8,The exception is thrown out because the minutes argument being less than 0 is caught first so the program doesn't reach forOffsetMillis()
0,HIT01_8,This part of the code is never reached in the first place. Code execution ends at line 280 which is the source of the exception. 
0,HIT01_8,"Yes there is an issue but the issue is not at line 294 for the method ""forOffsetMillis"" because the code never reaches that point. The problem is at line 279 in the static method ""forOffsetHoursMinutes"" where on line 279 the code reads ""if (minutesOffset < 0 || minutesOffset > 59)"" where minutesOffset < 0 so an IllegalArgumentException is thrown because part of the old code from version 2.3 is still there; whereas line 279 should be ""if (minutesOffset < -59 || minutesOffset > 59)"". Line 294 is not where the exception is thrown because the code never reaches that point. The code never reaches the method ""forOffsetHours(int hoursOffset)"" so it never reaches ""forOffsetMillis(int millisOffset)"" either; which means the exception under this method is never reached either because the exception was thrown earlier in the method ""forOffsetHoursMinutes(...)"". The fact the exception thrown readss ""Minutes out of range..."" versus ""Millis out of range..."" tells us this."
0,HIT01_8,No because the exception was thrown at line 280 because the minutesOffset passed to the method was < 0.
0,HIT01_8,I believe that the issue is with the minutesoffset.
0,HIT01_8,Notwithstanding the comments; the actual code at line 279 requires minutes to be a positive number; hence result is Minutes out of range
0,HIT01_8,"The exception thrown provides the message ""Minutes out of range:-15"". This specific message is thrown on line 280. The method invocation ""forOffsetMillis"" is unrelated to this exception."
0,HIT01_8,This forOffsetMillis method seems to create a time zone instance for the given offset to UTC in milliseconds. The DateTimeZone method calls the forOffsetMillis method in line 294 which is after the IllegalArgumentException error occurs. This error points to the minuteOffset value being too small or too big; meaning that is not withn the range of 0 to 59. In this case;the minuteOffset value is -15 as set by invoking DateTimeZone.forOffsetHoursMinutes(-2; -15)).
0,HIT01_8,It seems like there wouldn't be an issue; because it's just saying that it's going to return the offset. But it says it's out of rand an an illegal argument. It's good that there are assertions being tested; at least...Test cases are very important in order to make sure your program runs properly. 
0,HIT01_8,The Minutes out of range exception is thrown on line 280 because -15 for the minutesoffset is < 0.
1,HIT02_24,value is a double and is used as a double in the method. Both Math.max() and Math.min() use and return a double.
0,HIT02_24,The color is black and not RGB. 
0,HIT02_24,value is double so v should also be double
0,HIT02_24,It looks like there should be a range identified with the max number being double v; and the minimum number being v. So if v= 2; the range would be 2-4. The test doesn't have a range in it; just -0.5. 
0,HIT02_24,The failure is caused by passing the parameter g to the Color function. v is not used to calculate this value at all so it is not related to the failure.
0,HIT02_24,It is hard to say whether or not this line is causing an issue.  It is clear the Math.max is being used correctly; but without seeing the class definition I can not know what this.lowerBound is going to evaluate to.
0,HIT02_24,Its not at all an issue
0,HIT02_24,We need to convert int to double by using casting .
0,HIT02_24,Line 115 functions as can be expected and executes without throwing an exception. The problem lies in lines 117 to 118 where there is no check to see if the resulting int value is positive.
0,HIT02_24,NO ; Because it is simply declaration and assigning of value
0,HIT02_24,The variable V is assigned the lower bound range for the scale.Even though it affects the value of variable g created by statement 117; the variable V does not get affected after the execution.
0,HIT02_24,"the variable ""v"" is not used to instantiate Color in anyway."
0,HIT02_24,"value in line 117 should be v and the Color constructor doesn't take negative values; which is what it's being given. ""v"" is being initialized but not used."
0,HIT02_24,"Yes; the issue is that we don't actually use it. We declare it correctly and assign values to it correctly; but we don't proceed to actually using this variable. As I mentioned before; the problem lies on line 117. Before; on lines 115 and 116; we checked to make sure our ""value"" lies within the bounds and eventually produced a new variable ""v"" which has either our value (if it lies within the bounds) or the appropriate bound if our value is outside of it. Then; on line 117; we should've used this safe ""v"" variable instead of ""value"". The way the code is implemented now is that we do the boundary check and don't use its results and instead go ahead with our ""value"" no matter what value it holds. This will throw an exception; since -0.5 is an invalid argument to Color."
0,HIT02_24,The variable V doesn't have issues in the code as the error is with the colors mentioned
0,HIT02_24,"Believe value in line 117 should be replaced with variable ""v"". ""v"" has gone through bound checking while value has not."
0,HIT02_24,It may not return a double
0,HIT02_24,"Again; I feel like the problem is in the definition of 'g'.  The only sense in which I would say that there is a problem with 'v' is in that 'v' is not used in calculating 'g'.  However; there is nothing inherently wrong with this line of code itself.    Rather; the problem is that the variable 'g' is defined with the variable ""value"" as part of the equation; instead of 'v'.  ""value"" has not been checked to see if it is in bounds; and in this case it is not.  Thus; the equation results in a value being applied to 'g' that is outside the 0-255 bounds required for the Color constructor."
0,HIT02_24,It is normal way of declaring variable.
0,HIT02_24,the reason for the bug is improperly using value after sanitizing it in the variable v ... and this is why you use proper variable names instead of being insane and lazy!
0,HIT02_24,first we need to convert to rgb
0,HIT02_24,This line looks fine; but I now see the issue is that 'v' is never used to determine the value for 'g'
0,HIT02_24,It looks to me that this line is correctly defining the maximum value for the variable and I don't see how that would be causing the error above.
0,HIT02_24,I don't know the lowerbound method to be able to comment on this one. If it does not a double like value; that would possibly cause an issue. I am not a Java expert but possibly needs a NEW keyword.
0,HIT02_24,an array probably should be allocated then populated
0,HIT02_24,no; because the failure is related to the Color class.
0,HIT02_24,Not knowing what lowerBound is makes this impossible to sort out. the use of Math.max(double; double) is correct.
0,HIT02_24,"The ""Math.max"" method is being used correctly in this context. The variable ""v"" that the value gets assigned to is never used in this method; so there is no way ""Math.max"" could be the problem."
0,HIT02_24,the class is invalid in that
0,HIT02_24,the choice of using max() might be a problem depending on if value being negative is a problem. something I don't think it is possible to know given just the code on this page.     Math.* library routines would by now be very robust and be able to handle the current usage. I would also expect if there were a problem; you would get a compile time error and never get to run your example.
0,HIT02_24,no
0,HIT02_24,No; the bound checks seem fine; line 115 ensures that value is not lesser than lowerBound. The problem might either be that lowerBound itself is not correctly set or the calculation of g in lines 117-118 cause it to go out of the expected range. 
0,HIT02_24,You might consider getting the absolute value of 'value' before calling max.  As it stands now; line 115 can still evaluate to a negative number.
0,HIT02_24,Math.max is correctly used.
0,HIT02_24,This method simply returns the higher of the two arguments. However; the variable the return value is assigned to is never used.
0,HIT02_24,The calculation method invocation was correct; but the way of defining public class IllegalArgumentException impacts here.
0,HIT02_24,This is the proper use of the Math.max() method and should work properly.
0,HIT02_24,no there is no issue.
0,HIT02_24,I DONT KNOW
0,HIT02_24,this is okay to restrict v to at or above the lowerBound before next doing the same thing at the other end
0,HIT02_24,class; interface errors are occurred.
0,HIT02_24,The color is black instead of RGB. 
0,HIT02_24,you are setting variable v first to max then to min; not sure what's going on. 
0,HIT02_24,What I thought was the problem initially looks not to be. I think that there is possibly an issue with the range (-0.5); but I can't be sure. 
0,HIT02_24,Math.min simply returns the lower value of the two values passed to it. Therefore; it will either return v or the upperBound. Since v is checked in line 115; this function call shouldn't cause an error.
0,HIT02_24,On this line min is called just as it should be.  While it may not directly cause the error perhaps there is something about this.lowerBound that later leads to the problem.  It is hard to say without seeing the class definition.
0,HIT02_24,I don't think there is problem in 116 line; it seems correct
0,HIT02_24,No issues ; v value will be overridden with latest value.
0,HIT02_24,There is no problem with line 116. The code executes and delivers the expected result. The problem lies in lines 117 to 118 where there is no check whether the resulting int is a positive value.
0,HIT02_24,The value V must be within the range specified by the lower and upper bounds.Here Variable v is assigned the minimum value within the upper bound limit.So it must be less than 255.
0,HIT02_24,This will not cause the error. But the value of the variable may have caused the error
0,HIT02_24,"the variable ""v"" is not used and does not affect anything."
0,HIT02_24,No; this min call is fine. The problem's beneath it. 
0,HIT02_24,"No; the Math.min method simply returns the smaller of two values. As we provide appropriate arguments to it; it should not cause any exceptions. As I indicated previously; the problem; instead; lies on line 117. Before; on lines 115 and 116; we checked to make sure our ""value"" lies within the bounds and eventually produced a new variable ""v"" which has either our value (if it lies within the bounds) or the appropriate bound if our value is outside of it. Then; on line 117; we should've used this safe ""v"" variable instead of ""value"". The way the code is implemented now is that we do the boundary check and don't use its results and instead go ahead with our ""value"" no matter what value it holds. This will throw an exception; since -0.5 is an invalid argument to Color."
0,HIT02_24,Math.min doesn't have any problem as the error is about the colors mentioned
0,HIT02_24,This is just second half of check to make sure value argument is within color bounds. Should be fine if carried through program.
0,HIT02_24,Black isn't in expected range
0,HIT02_24,As far as I know; the Math.min method invocation will return a value there and not cause an error.  It is being passed two double values; and will return the minimum of the two.  Again; I believe the problem with the code is in the definition of the variable 'g'.
0,HIT02_24,It is assigning value only.
0,HIT02_24,no; this is not the line they screwed up!
0,HIT02_24,upperbound and lowerbound not declared
0,HIT02_24,The color is black and not RGB. 
0,HIT02_24,Color.black out of expected range; should be Color.red or Color.blue or Color.Green
0,HIT02_24,The acceptable range of colors are red; green; blue. The test was looking for color black; so it was outside of the acceptable range of colors. 
0,HIT02_24,"It appears there's an issue with this method because there is no other place that exception could be thrown. The Math functions would throw an exception about ""Color""."
0,HIT02_24,The Color constructor is invoked just as it should be; so this line should be fine.  I am not entirely sure how we are able to return a Color object for this method that is supposed to return a Paint object; I just assume there is some type of conversion/promotion/polymorphism that takes place.
0,HIT02_24,I think it is because the Color function doesn't accept a negative number; and it is being passed -0.5 from the getPaint function.
0,HIT02_24,returns an instance of color class ;create a RGB color
0,HIT02_24,There is no issue with line 119 as the method attempts to create a color by using three int values. It is expecting these int values to be in the range of 0 - 255. The problem that occurs with the test is that when a negative value is fed as a parameter for getPaint; the int value will turn out to be negative. This is not accepted by the constructor for Color. The problem in the code lies not in line 119 but in the fact that there is no code to check whether the values lie within the expected range before they are fed into the constructor.
0,HIT02_24,The variable g must be an integer between 0 and 255 .If the output for the statement line 117 results in  an negative integer there may be a color parameter out of range exception.
0,HIT02_24,No; It has simply called the builtin function Color.  But ; there may be problem in value of g
0,HIT02_24,"because that line is the instantiation of Color object; the value of ""g"" may not match the expected range of Red;Green and Blue."
0,HIT02_24,"Yes; the exception is being called here. ""value"" in line 117 should be v and the Color cnostructor doesn't take negative values; which is what it's being given."
0,HIT02_24,"No. The fact that the method returns a new Color object is completely fine and should not throw any exception. The problem; instead; lies on line 117. Before; on lines 115 and 116; we checked to make sure our ""value"" lies within the bounds and eventually produced a new variable ""v"" which has either our value (if it lies within the bounds) or the appropriate bound if our value is outside of it. Then; on line 117; we should've used this safe ""v"" variable instead of ""value"". The way the code is implemented now is that we do the boundary check and don't use its results and instead go ahead with our ""value"" no matter what value it holds. This will throw an exception; since -0.5 is an invalid argument to Color."
0,HIT02_24,new color(g;g;g) doesn't have error in the program. The color mentioned is Red Green Blue and the test has the color.black
0,HIT02_24,Color is receiving an argument; g; outside the range of its acceptable values. This is likely caused in preceding lines. Value on line 117 should probably be v to be strictly within bounds.
0,HIT02_24,It seems back isn't in the range of red green blue
0,HIT02_24,I don't believe there's anything inherently wrong with how the Color constructor is being used in that situation.  I believe the problem with the code lies in the definition of the 'g' variable.  If 'g' was properly defined; then the code would run smoothly.
0,HIT02_24,This is valid statement.
0,HIT02_24,this invocation is fine; but the calculation of g must be at issue.
